{
  "Name": "DartV1",
  "ModelFile": "DartV1.stl",
  "Rotations": [
    {
      "Vector": "1,0,0",
      "Angle": 90.0
    },
    {
      "Vector": "0,0,1",
      "Angle": 90.0
    }
  ],
  Motors: [
	{
	  "Key": "FrontLeft",
	  "Vector": "-0.5,0.5,0",
          "Position": "12,12,12"
	},
	{
	  "Key": "FrontRight",
	  "Vector": "-0.5,-0.5,0",
          "Position": "10,10,10"
	},
	{
	  "Key": "Left",
	  "Vector": "0,0,1",
          "Position": "8,8,8"
	},
	{
	  "Key": "Right",
	  "Vector": "0,0,1",
          "Position": "6,6,6"
	},
	{
	  "Key": "BackLeft",
	  "Vector": "-0.5,-0.5,0",
          "Position": "4,4,4"
	},
	{
	  "Key": "BackRight",
	  "Vector": "-0.5,0.5,0",
          "Position": "2,2,2"
	},
  ],
  "ScalingFactor": 0.05
}